{
  "ML": {
    "MAE": {
      "mean": 45.20724930205063,
      "lo": 26.3546624353847,
      "hi": 64.05983616871656
    },
    "RMSE": {
      "mean": 50.237454609365614,
      "lo": 26.679251876199267,
      "hi": 66.58202312997184
    },
    "R2": {
      "mean": 0.8878280673011537,
      "lo": -0.9643081265105427,
      "hi": 0.9608773139862036
    }
  },
  "Chord": {
    "MAE": {
      "mean": 270.85577255259096,
      "lo": 174.84884493874267,
      "hi": 338.66320657744217
    },
    "RMSE": {
      "mean": 287.1034100545608,
      "lo": 204.35330459650436,
      "hi": 338.78052551688745
    },
    "R2": {
      "mean": -2.6635797580840332,
      "lo": -39.704583685886234,
      "hi": -2.241413620574946
    }
  },
  "Polyline": {
    "MAE": {
      "mean": 280.03366620931934,
      "lo": 180.25839623870948,
      "hi": 361.5797744479456
    },
    "RMSE": {
      "mean": 300.2096369887665,
      "lo": 217.17354562524918,
      "hi": 362.68005963996325
    },
    "R2": {
      "mean": -3.0056980391787134,
      "lo": -35.914460571117985,
      "hi": -2.9978484511762713
    }
  }
}