{
  "Chord": {
    "rms": {
      "mean": 16.620791746016764,
      "std": 26.181087647125747,
      "median": 4.344315957556084,
      "min": 1.7577043099318013,
      "max": 93.76067500328523,
      "n": 15
    },
    "hausdorff": {
      "mean": 32.298533244403764,
      "std": 47.9943628657022,
      "median": 10.001427317835441,
      "min": 2.9185584116000265,
      "max": 178.9815738071935,
      "n": 15
    },
    "rot_deg": {
      "mean": -12.465974259867943,
      "std": 183.73673999101894,
      "median": -175.97302491477507,
      "min": -179.3619574059265,
      "max": 179.35766334560296,
      "n": 15
    }
  },
  "Polyline": {
    "rms": {
      "mean": 0.0998896322229433,
      "std": 0.1090987612746096,
      "median": 0.044638578349182785,
      "min": 0.029586520529495567,
      "max": 0.3378481701317301,
      "n": 15
    },
    "hausdorff": {
      "mean": 0.26532629663018903,
      "std": 0.19750726475657746,
      "median": 0.1756094713220742,
      "min": 0.12528204957220304,
      "max": 0.7913710691991526,
      "n": 15
    },
    "rot_deg": {
      "mean": -12.401378177897604,
      "std": 184.3894072109952,
      "median": -177.59378774989884,
      "min": -179.67106731665515,
      "max": 179.52686985193668,
      "n": 15
    }
  }
}