{
  "count": 15,
  "theta_tip_deg_mean": -32.74092423048405,
  "u_A_deg_mean": 69.38605438195448,
  "u_B_deg_mean": 2.7821219226091976,
  "u_disc_deg_mean": 0.00019646820110281739,
  "u_c_deg_mean": 69.44488679931905,
  "U_k2_deg_mean": 138.8897735986381
}