{
  "Chord": {
    "mae": 270.85577255259096,
    "ci_low": 174.84884493874267,
    "ci_high": 338.66320657744217
  },
  "Polyline": {
    "mae": 280.03366620931934,
    "ci_low": 180.25839623870948,
    "ci_high": 361.5797744479456
  },
  "ML": {
    "mae": 45.20724930205063,
    "ci_low": 26.3546624353847,
    "ci_high": 64.05983616871656
  }
}